{
  "scripts":{
      "DEX":{"Name":"White Dex",
          "FileName":"whitedex_v1.lua",
          "Desc":"this is Dex but white version.",
          "Picture":"https:\/\/imgur.com\/KpvYgd5.png",
          "Script":"loadstring(game:HttpGet('https://pastebin.com/raw/sUSn58Ya', true))()"},
      "Decent":{"Name":"Decent Explorer",
          "FileName":"Decent Explorer.lua",
          "Desc":"This script is similar to Dex Explorer.",
          "Picture":"https:\/\/imgur.com\/m4ZDXLp.png",
          "Script":"loadstring(game:HttpGet('https://pastebin.com/raw/b2wCaRrP', true))()"},
      "Remote2Script":{"Name":"Remote2Script",
          "FileName":"Remote2Script.lua",
          "Desc":"Captures all RemoteEvent\/RemoteFunction calls.",
          "Picture":"https:\/\/i.imgur.com\/TMuUSN0.png",
          "Script":"loadstring(game:HttpGet('https://pastebin.com/raw/JZaJe9Sg', true))()"},
      "MrSpy":{"Name":"MrSpy",
          "FileName":"MrSpy.lua",
          "Desc":"this is Remote Spy!",
          "Picture":"https:\/\/i.imgur.com/TS9FSlI.png",
          "Script":"loadstring(game:HttpGet('https://pastebin.com/raw/sCZiuDuM', true))()"},
      "MrSpyV2":{"Name":"MrSpyV2",
          "FileName":"MrSpyV2.lua",
          "Desc":"this is Remote Spy V2!",
          "Picture":"https:\/\/imgur.com\/MdTno7c.png",
          "Script":"loadstring(game:HttpGet('https://pastebin.com/raw/dHBjDgCK', true))()"},
      "Bullshit":{"Name":"Project Bull-Shit",
          "FileName":"bullshit.lua",
          "Desc":"Project Bull-Shit is a multi-functional ESP created by Racist Dolphin.",
          "Picture":"https:\/\/i.imgur.com\/Fz5tMrm.png",
          "Script":"loadstring(game:HttpGet('https://pastebin.com/raw/gFMcpgvq', true))()"},
     "PfHAcks":{"Name":"PF Hitbox Extender",
            "FileName":"pfhackss.lua",
            "Desc":"Phantom Forces Hitbox Extender, makes all the enemies heads big, so you can head shot them easily",
            "Picture":"https:\/\/i.imgur.com\/iNNyIMt.png",
            "Script":"loadstring(game:HttpGet('https://athoi21.xyz/pfhacks', true))()"}   
     }
}		